<?xml version="1.0" encoding="UTF-8"?>
<project-private xmlns="http://www.netbeans.org/ns/project-private/1">
    <editor-bookmarks xmlns="http://www.netbeans.org/ns/editor-bookmarks/2" lastBookmarkId="0"/>
    <open-files xmlns="http://www.netbeans.org/ns/projectui-open-files/2">
        <group>
            <file>file:/C:/Users/olf5jvl/Documents/NetBeansProjects/bosch_hackathon/src/AUTH/DAO/UserDAOImpl.java</file>
            <file>file:/C:/Users/olf5jvl/Documents/NetBeansProjects/bosch_hackathon/src/AUTH/DAO/ColaboradorDAOImpl.java</file>
            <file>file:/C:/Users/olf5jvl/Documents/NetBeansProjects/bosch_hackathon/src/AUTH/DAO/TerceirizadoDAOImpl.java</file>
            <file>file:/C:/Users/olf5jvl/Documents/NetBeansProjects/bosch_hackathon/src/OBJECTS/Terceirizado.java</file>
            <file>file:/C:/Users/olf5jvl/Documents/NetBeansProjects/bosch_hackathon/src/AUTH/DAO/LoginDAOImpl.java</file>
            <file>file:/C:/Users/olf5jvl/Documents/NetBeansProjects/bosch_hackathon/src/SCREENS/History.java</file>
            <file>file:/C:/Users/olf5jvl/Documents/NetBeansProjects/bosch_hackathon/src/OBJECTS/Colaborador.java</file>
            <file>file:/C:/Users/olf5jvl/Documents/NetBeansProjects/bosch_hackathon/src/OBJECTS/Cracha.java</file>
            <file>file:/C:/Users/olf5jvl/Documents/NetBeansProjects/bosch_hackathon/src/SCREENS/Temporario_Hrl.java</file>
            <file>file:/C:/Users/olf5jvl/Documents/NetBeansProjects/bosch_hackathon/src/AUTH/DAO/ColaboradorDAO.java</file>
            <file>file:/C:/Users/olf5jvl/Documents/NetBeansProjects/bosch_hackathon/src/AUTH/DAO/TerceirizadoDAO.java</file>
        </group>
    </open-files>
</project-private>
