<?xml version="1.0" encoding="UTF-8"?>
<project-private xmlns="http://www.netbeans.org/ns/project-private/1">
    <editor-bookmarks xmlns="http://www.netbeans.org/ns/editor-bookmarks/2" lastBookmarkId="0"/>
    <open-files xmlns="http://www.netbeans.org/ns/projectui-open-files/2">
        <group>
            <file>file:/C:/Users/olf5jvl/Documents/NetBeansProjects/bosch_hackathon/src/CONEXAO_BANCO/Banco_dados.java</file>
            <file>file:/C:/Users/olf5jvl/Documents/NetBeansProjects/bosch_hackathon/src/AUTH/DAO/UserDAOImpl.java</file>
            <file>file:/C:/Users/olf5jvl/Documents/NetBeansProjects/bosch_hackathon/src/AUTH/DAO/ColaboradorDAOImpl.java</file>
            <file>file:/C:/Users/olf5jvl/Documents/NetBeansProjects/bosch_hackathon/src/MAIN/Login.java</file>
            <file>file:/C:/Users/olf5jvl/Documents/NetBeansProjects/bosch_hackathon/src/AUTH/DAO/LoginDAOImpl.java</file>
            <file>file:/C:/Users/olf5jvl/Documents/NetBeansProjects/bosch_hackathon/src/OBJECTS/Colaborador.java</file>
            <file>file:/C:/Users/olf5jvl/Documents/NetBeansProjects/bosch_hackathon/src/AUTH/DAO/LoginDAO.java</file>
            <file>file:/C:/Users/olf5jvl/Documents/NetBeansProjects/bosch_hackathon/src/AUTH/SessionManager.java</file>
            <file>file:/C:/Users/olf5jvl/Documents/NetBeansProjects/bosch_hackathon/src/OBJECTS/User.java</file>
            <file>file:/C:/Users/olf5jvl/Documents/NetBeansProjects/bosch_hackathon/src/AUTH/DAO/ColaboradorDAO.java</file>
        </group>
    </open-files>
</project-private>
